{"0": {"catboost-depth4-l2_leaf_regNone-lr0.01": [[0.04015205070116487, 0.042772936807674626, 0.04097264828432435], [0.9882968157286968, 0.9876146541975551, 0.9882251579551982], 3.9925249417622886], "catboost-depth4-l2_leaf_regNone-lr0.1": [[0.03436818327114088, 0.039511002973631686, 0.03786386951997744], [0.9895173932293848, 0.9882608461524655, 0.9889072372199884], 3.8545332749684653], "catboost-depth6-l2_leaf_regNone-lr0.01": [[0.03821178921109578, 0.04119891479958175, 0.03950583951321956], [0.9888712051407852, 0.9878480012923839, 0.988709793222286], 5.0909351507822675], "catboost-depth6-l2_leaf_regNone-lr0.1": [[0.031110777898061548, 0.0388748829649747, 0.037330188442646434], [0.9908157526296265, 0.9885480425768699, 0.9888354394026422], 4.4356770515441895]}}