{"bgnn-gat": [0.9889371593793234, 0.0, 63.31901931762695, 0.0], "bgnn-gcn": [0.9887217481931051, 0.0, 14.035344441731771, 0.0], "bgnn-agnn": [0.9888653556505839, 0.0, 17.84332036972046, 0.0], "bgnn-appnp": [0.9892004132270813, 0.0, 26.509647210439045, 0.0]}