{"catboost": [0.9906842331993108, 0.0, 5.074582099914551, 0.0], "resgnn-gat": [0.9905705451965332, 0.0, 29.37729827562968, 0.0], "resgnn-gcn": [0.9901816248893738, 0.0, 16.9267836411794, 0.0], "resgnn-agnn": [0.9906423489252726, 0.0, 37.70228282610575, 0.0], "resgnn-appnp": [0.9903611540794373, 0.0, 15.961268504460653, 0.0], "bgnn-gat": [0.988667885462443, 0.0, 43.96588754653931, 0.0], "bgnn-gcn": [0.9888234933217367, 0.0, 14.941712697347006, 0.0], "bgnn-agnn": [0.9892183542251587, 0.0, 27.07985011736552, 0.0], "bgnn-appnp": [0.9891824523607889, 0.0, 30.76153842608134, 0.0]}