{"bgnn-gat": [0.987812340259552, 0.0, 15.786423524220785, 0.0], "bgnn-gcn": [0.9879798491795858, 0.0, 17.69790768623352, 0.0], "bgnn-agnn": [0.9881054957707723, 0.0, 19.813016335169475, 0.0], "bgnn-appnp": [0.9879559278488159, 0.0, 18.036712725957234, 0.0]}