{"resgnn-gat": [0.9888414343198141, 0.0, 22.354198932647705, 0.0], "resgnn-gcn": [0.9885662198066711, 0.0, 22.91756542523702, 0.0], "resgnn-agnn": [0.9889072179794312, 0.0, 28.47641126314799, 0.0], "resgnn-appnp": [0.9887636303901672, 0.0, 19.962830066680908, 0.0]}