{"0": {"resgnn-dropout0.0-hidden_dim64-lr0.01-namegat-only_gbdtFalse": [[0.052939231197039284, 0.0607493557035923, 0.0596780925989151], [0.9900379180908203, 0.9881711006164551, 0.9885123372077942], 17.393638054529827], "resgnn-dropout0.0-hidden_dim64-lr0.01-namegat-only_gbdtTrue": [[0.05295696357885996, 0.060742965588967, 0.0594965952138106], [0.9901875058809916, 0.9882189631462097, 0.9886320034662882], 16.523406267166138], "resgnn-dropout0.0-hidden_dim64-lr0.01-namegcn-only_gbdtFalse": [[0.054928685228029885, 0.06250910460948944, 0.061653148382902145], [0.9901017347971598, 0.9881890416145325, 0.9885662198066711], 18.602018117904663], "resgnn-dropout0.0-hidden_dim64-lr0.01-namegcn-only_gbdtTrue": [[0.054995608826478325, 0.06248118355870247, 0.06155069669087728], [0.9900977611541748, 0.9881890416145325, 0.9885662198066711], 19.673256317774456], "resgnn-dropout0.0-hidden_dim64-lr0.01-nameagnn-only_gbdtFalse": [[0.051891278475522995, 0.06075871487458547, 0.05913999676704407], [0.9905425310134888, 0.9883386095364889, 0.9889072179794312], 27.627560297648113], "resgnn-dropout0.0-hidden_dim64-lr0.01-nameagnn-only_gbdtTrue": [[0.052459485828876495, 0.0607790599266688, 0.059377570947011314], [0.9903630415598551, 0.9882787863413492, 0.9887755910555521], 31.481374104817707], "resgnn-dropout0.0-hidden_dim64-lr0.01-nameappnp-only_gbdtFalse": [[0.07519564280907313, 0.08451708406209946, 0.08288771410783131], [0.9900977611541748, 0.9882429242134094, 0.9885123372077942], 20.133535782496136], "resgnn-dropout0.0-hidden_dim64-lr0.01-nameappnp-only_gbdtTrue": [[0.07536366581916809, 0.08437663565079372, 0.08266062041123708], [0.9900957743326823, 0.9882429242134094, 0.9885123372077942], 21.765961090723675], "resgnn-dropout0.0-hidden_dim64-lr0.1-namegat-only_gbdtFalse": [[0.052509220937887825, 0.060466740280389786, 0.05959839498003324], [0.9903530478477478, 0.9882787863413492, 0.9887397090593973], 24.12567361195882], "resgnn-dropout0.0-hidden_dim64-lr0.1-namegat-only_gbdtTrue": [[0.05232985566059748, 0.06054023156563441, 0.05912621319293976], [0.990460733572642, 0.9883087078730265, 0.9888414343198141], 22.354198932647705], "resgnn-dropout0.0-hidden_dim64-lr0.1-namegcn-only_gbdtFalse": [[0.05364137267072996, 0.06149289384484291, 0.06053090592225393], [0.9901017347971598, 0.9881890416145325, 0.9885662198066711], 22.91756542523702], "resgnn-dropout0.0-hidden_dim64-lr0.1-namegcn-only_gbdtTrue": [[0.05360084523757299, 0.06150417526563009, 0.06040374313791593], [0.9901017347971598, 0.9881890416145325, 0.9885662198066711], 21.103512446085613], "resgnn-dropout0.0-hidden_dim64-lr0.1-nameagnn-only_gbdtFalse": [[0.052350714802742004, 0.060290111849705376, 0.059169553220272064], [0.9905704259872437, 0.9883505702018738, 0.9889072179794312], 28.47641126314799], "resgnn-dropout0.0-hidden_dim64-lr0.1-nameagnn-only_gbdtTrue": [[0.052578634272019066, 0.06043980518976847, 0.05916317676504453], [0.9903789758682251, 0.9882847666740417, 0.9887755910555521], 26.036711772282917], "resgnn-dropout0.0-hidden_dim64-lr0.1-nameappnp-only_gbdtFalse": [[0.07512655357519786, 0.08434310803810756, 0.08297583709160487], [0.9901635845502218, 0.9882548848787943, 0.9887576500574747], 17.980830828348797], "resgnn-dropout0.0-hidden_dim64-lr0.1-nameappnp-only_gbdtTrue": [[0.07503667722145717, 0.08432247738043468, 0.08258690933386485], [0.9901715517044067, 0.9882668455441793, 0.9887636303901672], 18.049509445826214], "resgnn-dropout0.5-hidden_dim64-lr0.01-namegat-only_gbdtFalse": [[0.054382955034573875, 0.06120288744568825, 0.06031630436579386], [0.9900339444478353, 0.9881711006164551, 0.9885123372077942], 20.330956141153973], "resgnn-dropout0.5-hidden_dim64-lr0.01-namegat-only_gbdtTrue": [[0.05441146592299143, 0.061109282076358795, 0.060203440487384796], [0.9900359312693278, 0.9881711006164551, 0.9885123372077942], 17.666786829630535], "resgnn-dropout0.5-hidden_dim64-lr0.01-namegcn-only_gbdtFalse": [[0.05604879061381022, 0.06271673987309138, 0.061826431502898536], [0.9899401863416036, 0.9880873362223307, 0.9883747498194376], 17.763051827748615], "resgnn-dropout0.5-hidden_dim64-lr0.01-namegcn-only_gbdtTrue": [[0.05709868296980858, 0.06330911566813786, 0.062480500588814415], [0.9874412020047506, 0.9862983425458273, 0.9867712259292603], 16.341347217559814], "resgnn-dropout0.5-hidden_dim64-lr0.01-nameagnn-only_gbdtFalse": [[0.05628991251190504, 0.06269213557243347, 0.06174227098623911], [0.9872896273930868, 0.9861487547556559, 0.9866156776746114], 19.945453643798828], "resgnn-dropout0.5-hidden_dim64-lr0.01-nameagnn-only_gbdtTrue": [[0.056202090034882225, 0.06237327183286349, 0.061438088615735374], [0.9873215357462565, 0.9861966172854105, 0.9866575598716736], 20.031805992126465], "resgnn-dropout0.5-hidden_dim64-lr0.01-nameappnp-only_gbdtFalse": [[0.0794002537926038, 0.0870559960603714, 0.08509569615125656], [0.9888213475545248, 0.9872018098831177, 0.9876806735992432], 17.25915010770162], "resgnn-dropout0.5-hidden_dim64-lr0.01-nameappnp-only_gbdtTrue": [[0.07819168517986934, 0.08649686972300212, 0.0845866526166598], [0.9874292413393656, 0.9863162835439047, 0.9867652455965678], 20.552682717641193], "resgnn-dropout0.5-hidden_dim64-lr0.1-namegat-only_gbdtFalse": [[0.053675820430119835, 0.06077880288163821, 0.05987171083688736], [0.9900379180908203, 0.9881711006164551, 0.9885123372077942], 19.48615264892578], "resgnn-dropout0.5-hidden_dim64-lr0.1-namegat-only_gbdtTrue": [[0.05311891560753187, 0.06058903286854426, 0.059473118434349694], [0.9900339444478353, 0.9881711006164551, 0.9885123372077942], 19.29389746983846], "resgnn-dropout0.5-hidden_dim64-lr0.1-namegcn-only_gbdtFalse": [[0.055426616221666336, 0.06223409250378609, 0.061212862531344094], [0.9896729588508606, 0.9879915714263916, 0.9880456924438477], 17.15087087949117], "resgnn-dropout0.5-hidden_dim64-lr0.1-namegcn-only_gbdtTrue": [[0.05551839371522268, 0.06227340425054232, 0.061177107195059456], [0.9897886315981547, 0.9879736304283142, 0.9882012406984965], 16.508456309636433], "resgnn-dropout0.5-hidden_dim64-lr0.1-nameagnn-only_gbdtFalse": [[0.0545023021598657, 0.061378238101800285, 0.06051106130083402], [0.9900319576263428, 0.9881711006164551, 0.9885123372077942], 19.01851495107015], "resgnn-dropout0.5-hidden_dim64-lr0.1-nameagnn-only_gbdtTrue": [[0.05394089842836062, 0.06113284081220627, 0.059986669570207596], [0.9900319576263428, 0.9881711006164551, 0.9885123372077942], 20.195528109868366], "resgnn-dropout0.5-hidden_dim64-lr0.1-nameappnp-only_gbdtFalse": [[0.07611662149429321, 0.0848533883690834, 0.08332482477029164], [0.9901695648829142, 0.9882668455441793, 0.9887636303901672], 20.003672281901043], "resgnn-dropout0.5-hidden_dim64-lr0.1-nameappnp-only_gbdtTrue": [[0.07590232044458389, 0.08460582544406255, 0.08287527908881505], [0.9901775320370992, 0.9882788062095642, 0.9887636303901672], 19.962830066680908]}}